SĆO MANUEL BUENO, MĮRTIR;MIGUEL DE UNAMUNO;NĆO;X;LIVRO
NÉVOA;MIGUEL DE UNAMUNO;NĆO;X;LIVRO
É FĮCIL MATAR;AGATHA CHRISTIE;SIM;2;LIVRO
OS IRMĆOS KARAMAZOV;FIODÓR DOSTOIÉVSKI;NĆO;X;LIVRO
BRASIL: UMA BIOGRAFIA;"LILIA M.SCHWARCZ E HELIĶSA M. STARLING";NĆO;X;LIVRO
GETŚLIO (1945 - 1954);LIRA NETO;NĆO;X;LIVRO
GETŚLIO (1930 - 1945) ;LIRA NETO;NĆO;X;LIVRO
GETŚLIO (1882 - 1930) ;LIRA NETO;NĆO;X;LIVRO
ANNA KARIENINA;LIEV TOLSTÓI;NĆO;X;LIVRO
GUERRA DAS ROSAS - TRINDADE;CONN IGGULDEN;NĆO;X;LIVRO
GUERRA DAS ROSAS - PĮSSARO DA TEMPESTADE;CONN IGGULDEN;NĆO;X;LIVRO
O HOMEM DUPLICADO;JOSÉ SARAMAGO;NĆO;X;LIVRO
HISTÓRIA DO CERCO DE LISBOA;JOSÉ SARAMAGO;NĆO;X;LIVRO
AS BENEVOLENTES;JONATHAN LITTELL;NĆO;X;LIVRO
SAGA DE NJALL;SEM AUTOR;NĆO;X;LIVRO
GĮS VERMELHO;EDWARD TOPOL;SIM;5;LIVRO
NOITES BRANCAS;FIÓDOR DOSTOIÉVSKI;NĆO;X;LIVRO
OS MISERĮVEIS;VITOR HUGO;SIM;4;LIVRO
INSPETOR GERAL;NIKOLAI GÓGOL;NĆO;X;LIVRO
ALMAS MORTAS;NIKOLAI GÓGOL;SIM;5;LIVRO
MEMÓRIAS DO SUBSOLO;FIÓDOR DOSTOIÉVSKI;SIM;5;LIVRO
CRIME E CASTIGO;FIÓDOR DOSTOIÉVSKI;SIM;5;LIVRO
O SOL É PARA TODOS;HARPER LEE;NĆO;X;EBOOK
SALEM;STEPHEN KING;SIM;5;EBOOK
HOLLY ;STEPHEN KING;NĆO;X;EBOOK
BIOGRAFIA - OPPENHEIMER: O TRIUNFO E A TRAGÉDIA DO PROMETEU AMERICANO;"KAI BIRD E MARTIN J. SHERWIN";NĆO;X;LIVRO
O ASSASSINATO DE ROGER ACKROYD;AGATHA CHRISTIE;SIM;5;LIVRO
O DÉCIMO TERCEIRO ANDAR;GUILHERME DOBRYCHTOP;SIM;5;EBOOK
CRIME E CASTIGO;FIÓDOR DOSTOIÉVSKI;SIM;5;EBOOK
ESAŚ E JACÓ;MACHADO DE ASSIS;SIM;5;EBOOK
VĮRIAS HISTÓRIAS;MACHADO DE ASSIS;NĆO;X;EBOOK
PAPÉIS AVULSOS;MACHADO DE ASSIS;NĆO;X;EBOOK
MEMORIAL DE AIRES;MACHADO DE ASSIS;NĆO;X;EBOOK
DON QUIXOTE;MIGUEL DE CERVANTES;NĆO;X;EBOOK
OS SOFRIMENTOS DO JOVEM WERTHER;JOHANN WOLFGANG VAN GOETHE;SIM;4;LIVRO
O CONTRATO SOCIAL;JEAN-JACQUES ROSSEAU;SIM;5;MANGĮ
COMPORTE-SE COMO UMA DAMA, PENSE COMO UM HOMEM;STEVE HARVEY;NĆO;X;LIVRO
O RACISMO ESTRUTURAL;SILVIO ALMEIDA;SIM;3;LIVRO
O PEQUENO PRĶNCIPE;ANTONIE DE SAINT-EXUPÉRY;NĆO;X;LIVRO
A METAMORFOSE;FRANZ KAFKA;SIM;5;LIVRO
CEM ANOS DE SOLIDĆO;GABRIEL GARCIA MARQUEZ;NĆO;X;LIVRO
O PRINCĶPE DE WESTEROS E OUTRAS HISTÓRIAS;"GEORGE R. R. MARTIN E GARDNER DOZOIS";SIM;4;LIVRO
A FŚRIA DOS REIS;GEORGE R. R. MARTIN;SIM;4;LIVRO
A GUERRA DOS TRONOS;GEORGE R. R. MARTIN;SIM;4;LIVRO
CONSTRUINDO APLICAĒÕES COM PHP E MYSQL;ANDRÉ MILANI;SIM;5;LIVRO
FUNDAMENTOS DO HTML5 E CSS;MAURĶCIO SAMY SILVA;NĆO;X;LIVRO
PROGRAMAĒĆO COM ARDUĶNO;SIMON MONK;NĆO;X;LIVRO
O LIVRO DOS CINCO ANÉIS;MUSASHI;NĆO;X;LIVRO
A ARTE DA GUERRA;SUN TZU;SIM;5;LIVRO
O PRINCĶPE;MAQUIĮVEL;SIM;5;LIVRO
COMO FAZER AMIGOS E INFLUENCIAR PESSOAS;DALE CARNEGIE;NĆO;X;LIVRO
COMO ESMAGAR O FASCISMO;LEON TROTSKY;NĆO;X;LIVRO
O HOMEM MAIS RICO DA BABILŌNIA;GEORGE S. CLASON;SIM;4;LIVRO
PROJETO NACIONAL: O DEVER DA ESPERANĒA;CIRO GOMES;NĆO;X;LIVRO
COMO AS DEMOCRACIAS MORRER;"S. LEVITSKY E D. ZIBLATT";SIM;5;LIVRO
SAPIENS;YUVAL NOAH HARARI;NĆO;X;LIVRO
ASSIM NASCE UM LĶDER;JO OWEN;NĆO;X;LIVRO
O PODER DO HĮBITO;CHARLES DUHIGG;SIM;5;LIVRO
QUEM PENSA HENRIQUECE;NAPOLEON HILL;NĆO;X;LIVRO
NADA PODE ME FERIR;DAVID GOGGINS;SIM;4;LIVRO
RĮPIDO E DEVAGAR - DUAS FORMAS DE PENSAR;DANIEL KAHNEMAN;NĆO;X;LIVRO
MALCON X;ALEX HALEY;SIM;5;LIVRO
SEMPRE EM MOVIMENTO;OLIVER SACKS;SIM;4;LIVRO
EU SOU MALALA;MALALA YOUSAFZAI;SIM;5;LIVRO
ANDERSO SPIDER SILVA;"ANDERSON SILVA E EDUARDO OHATA";NĆO;X;LIVRO
SNIPER AMERICANO;CHRIS KYLE;SIM;4;LIVRO
NELSON MANDELA - BIOGRAFIA;NELSON MANDELA;NĆO;X;LIVRO
A AUTOBIOGRAFIA DE MARTIN LUTHER KING;MARTIN LUTHER KING;SIM;5;LIVRO
VAN GOGH;"STEVEN NAIFEH GREGORY WHITE";NĆO;X;LIVRO
VIVENDO A HISTÓRIA;HILARY RODHAM CLINTON;NĆO;X;LIVRO
BATTLE ROYALE;KOUSHUN TAKAMI;SIM;5;LIVRO
O CONTO DA AIA;MARGARET ATWOOD;SIM;4;LIVRO
CLUBE DA LUTA;CHUCK PALAHNIUK;SIM;4;LIVRO
O HOMEM DO CASTELO ALTO;PHILIP K. DICK;SIM;3;LIVRO
ADMIRĮVEL MUNDO NOVO;ALDOUS HUXLEY;SIM;3;LIVRO
FAHRENHEIT 451;RAY BRADBURY;SIM;4;LIVRO
SOMOS TODOS ADUTOS AQUI;EMMA STRAUB;SIM;0;LIVRO
AS SETE MORTES DE EVELYN HARDCASTLE;STUART TURTON;SIM;1;LIVRO
UMA NOVA CHANCE PARA O SR. DOUBLE;SENI GLAISTER;SIM;2;LIVRO
MINHA ADORĮVEL ESPOSA;SAMANTA DOWNING;SIM;2;LIVRO
A VIDA SECRETA DOS ESCRITORES;GUILLAUME MUSSO;SIM;2;LIVRO
QUERIDO EDWARD;ANN NAPOLITANO;SIM;3;LIVRO
O JARDIM DE BRONZE;GUSTAVO MALAJOVICH;SIM;3;LIVRO
OS SONHADORES;KAREN THOMPSON WALKER;SIM;4;LIVRO
O SOL MAIS BRILHANTE;ADRIENNE BENSON;SIM;4;LIVRO
O MAPA DE SAL E ESTRELAS;ZEYN JOUKHADAR;SIM;4;LIVRO
A BIBLIOTECA DA MEIA-NOITE;MATT HAIG;SIM;4;LIVRO
LONGO E CLARO RIO;LIZ MOORE;SIM;4;LIVRO
NASCIDO DO CRIME;TREVOR NOAH;SIM;4;LIVRO
EU NĆO SEI QUEM VOCŹ É;PENNY HANCOCK;SIM;5;LIVRO
GOSTARIA QUE ESTIVESSE AQUI;FERNANDO SCHELLER;SIM;4;LIVRO
HERDEIRA DO MAR;MARY LYNN BRACHT;SIM;5;LIVRO
A GAROTA QUE NĆO SE CALOU;ARI DARÉ;SIM;5;LIVRO
CARTADA FINAL;JOHN GRISHAM;SIM;5;LIVRO
FRIDA KAHLO E AS CORES DA VIDA;CAROLINE BERNARD;NĆO;X;LIVRO
O DIA EM QUE SELMA SONHOU COM UMA ALPACA;MARIANA LEKY;NĆO;X;LIVRO
PÉRSEPOLES;MARJANE SATRAPI;SIM;4;GRAPIC NOVEL
1964: O GOLPE;FLĮVIO TAVARES;SIM;3;LIVRO
O NAZISTA E O PSIQUIATRA;JACK EL-HAI;SIM;3;LIVRO
HIROSHIMA;JOHN HERSEY;SIM;5;LIVRO
O DIĮRIO DE ANNE FRANK;ANNE FRANK;SIM;5;LIVRO
O MENINO DO PIJAMA LISTRADO;JOHN BOYNE;SIM;5;LIVRO
A MENINA QUE ROUBAVA LIVROS;MARKUS ZUSAK;NĆO;X;LIVRO
O PAPA CONTRA HITLER;MARK RIEBLING;NĆO;X;LIVRO
A LISTA DE SCHINDLER - A VERDADEIRA HISTÓRIA;MIETEK PEMPER;NĆO;X;LIVRO
MAUS;ART SPIECIGELMAN;SIM;5;GRAPIC NOVEL
DOUTOR JIVAGO;BORIS PASTERNAK;SIM;4;LIVRO
OS ROMANÓVS;SIMON SEBAG MONTEFIORE;SIM;5;LIVRO
GUERRA E PAZ;LEON TOLSTÓI;SIM;5;LIVRO
A DONZELA E A RAINHA;NANCY GOLDSTONE;SIM;4;LIVRO
MARCO ANTŌNIO E CLEÓPATRA;ALLAN MASSIE;NĆO;X;LIVRO
NERO E SEUS HERDEIROS;ALLAN MASSIE;NĆO;X;LIVRO
TIBÉRIO;ALLAN MASSIE;NĆO;X;LIVRO
AUGUSTO;ALLAN MASSIE;NĆO;X;LIVRO
CÉSAR;ALLAN MASSIE;NĆO;X;LIVRO
O BISPO;STEVEN JAMES;SIM;2;LIVRO
JOGADA MORTAL;HARLAN COBEN;SIM;3;LIVRO
O CÓDIGO DA VINCI;DAN BROWN;SIM;4;LIVRO
FORTALEZA DIGITAL;DAN BROWN;SIM;4;LIVRO
O SĶMBOLO PERDIDO;DAN BROWN;NĆO;X;LIVRO
PONTO DE IMPACTO;DAN BROWN;SIM;3;LIVRO
MISTÉRIOS PERDIDOS;ARTHUR CONAN DOYLE;NĆO;X;LIVRO
O SIGNO DOS QUATROS;ARTHUR CONAN DOYLE;NĆO;X;LIVRO
MEMÓRIAS DE SHERLOCK HOLMES;ARTHUR CONAN DOYLE;NĆO;X;LIVRO
O VALE DO TERROR;ARTHUR CONAN DOYLE;SIM;5;LIVRO
UM ESTUDO EM VERMELHO;ARTHUR CONAN DOYLE;SIM;5;LIVRO
O JOVEM SHERLOCK HOLMES - GELO NEGRO;ANDREW LANE;NĆO;X;LIVRO
O JOVEM SHERLOCK HOLMES - NUVEM DA MORTE;ANDREW LANE;SIM;4;LIVRO
O JOVEM SHERLOCK HOLMES - PARASITA VERMELHO;ANDREW LANE;SIM;4;LIVRO
AND THEN THERE WERE NONE;AGATHA CHRISTIE;SIM;5;LIVRO
UM GATO ENTRE OS POMBOS;AGATHA CHRISTIE;SIM;3;LIVRO
PASSAGEIRO PARA FRANKFURT;AGATHA CHRISTIE;SIM;3;LIVRO
UM BRINDE DE CIANURETO;AGATHA CHRISTIE;SIM;4;LIVRO
OS QUATRO GRANDES;AGATHA CHRISTIE;NĆO;X;LIVRO
OS ELEFANTES NĆO ESQUECEM;AGATHA CHRISTIE;SIM;4;LIVRO
O NATAL DE POIROT;AGATHA CHRISTIE;SIM;4;LIVRO
OS TRABALHOS DE HÉRCULES;AGATHA CHRISTIE;NĆO;X;LIVRO
TESTEMUNHA DA ACUSAĒĆO;AGATHA CHRISTIE;NĆO;X;LIVRO
POIROT PERDE UMA CLIENTE;AGATHA CHRISTIE;SIM;4;LIVRO
NOITE SEM FIM;AGATHA CHRISTIE;NĆO;X;LIVRO
M OU N?;AGATHA CHRISTIE;SIM;4;LIVRO
TREZE Ą MESA;AGATHA CHRISTIE;NĆO;X;LIVRO
ASSASSINATO NA CASA DO PASTOR;AGATHA CHRISTIE;NĆO;X;LIVRO
AVENTURA EM BAGDĮ;AGATHA CHRISTIE;NĆO;X;LIVRO
A CASA TORTA;AGATHA CHRISTIE;NĆO;X;LIVRO
MORTE NA MESOPOTĀMIA;AGATHA CHRISTIE;SIM;4;LIVRO
MORTE NA PRAIA;AGATHA CHRISTIE;SIM;3;LIVRO
A CASA DO PENHASCO;AGATHA CHRISTIE;SIM;3;LIVRO
ASSASSINATO NO BECO;AGATHA CHRISTIE;NĆO;X;LIVRO
O CAVALO AMARELO;AGATHA CHRISTIE;SIM;5;LIVRO
O MISTERIOSO CASO DE STYLES;AGATHA CHRISTIE;SIM;4;LIVRO
POIROT INVESTIGA;AGATHA CHRISTIE;NĆO;X;LIVRO
A NOITE DAS BRUXAS;AGATHA CHRISTIE;SIM;3;LIVRO
O INCIDENTE DA BOLA DE CACHORRO;"JOHN CURRAN E AGATHA CHRISTIE";NĆO;X;LIVRO
A CAPTURA DE CÉRBERO;"JOHN CURRAN E AGATHA CHRISTIE";NĆO;X;LIVRO
POR QUE NĆO PEDIRAM A EVANS;AGATHA CHRISTIE;NĆO;X;LIVRO
AVENTURA EM UM PUDIM DE NATAL;AGATHA CHRISTIE;SIM;3;LIVRO
ASSASSINATO NO CAMPO DE GOLFE;AGATHA CHRISTIE;SIM;3;LIVRO
A TESTEMUNHA OCULAR DE UM CRIME;AGATHA CHRISTIE;SIM;4;LIVRO
DEPOIS DO FUNERAL;AGATHA CHRISTIE;NĆO;X;LIVRO
O MISTÉRIO DO TREM AZUL;AGATHA CHRISTIE;SIM;3;LIVRO
OS CINCO PORQUINHOS;AGATHA CHRISTIE;SIM;4;LIVRO
ASSASSINATO NO EXPRESSO DO ORIENTE;AGATHA CHRISTIE;SIM;5;LIVRO
UM CORPO NA BIBLIOTECA;AGATHA CHRISTIE;NĆO;X;LIVRO
A MANSĆO HOLLOW;AGATHA CHRISTIE;SIM;2;LIVRO
MORTE NO NILO;AGATHA CHRISTIE;SIM;4;LIVRO
SÓCIOS NO CRIME;AGATHA CHRISTIE;SIM;3;LIVRO
CONVITE PARA UM HOMICĶDIO;AGATHA CHRISTIE;SIM;3;LIVRO
ENSAIO SOBRE A LUCIDEZ;JOSÉ SARAMAGO;NĆO;X;LIVRO
AS INTERMITŹNCIAS DA MORTE;JOSÉ SARAMAGO;SIM;5;LIVRO
ENSAIO SOBRE A CEGUEIRA;JOSÉ SARAMAGO;SIM;5;LIVRO
A FLOR DA INGLATERRA;GEORGE ORWELL;NĆO;X;LIVRO
1984;GEORGE ORWELL;SIM;5;LIVRO
A REVOLUĒĆO DOS BIXOS;GEORGE ORWELL;SIM;5;LIVRO
MISERY;STEPHEN KING;SIM;5;LIVRO
ŚLTIMO TURNO;STEPHEN KING;SIM;4;LIVRO
ACHADOS E PERDIDOS;STEPHEN KING;SIM;4;LIVRO
MR. MERCEDES;STEPHEN KING;SIM;4;LIVRO
CHRISTINE;STEPHEN KING;SIM;3;LIVRO
QUATRO ESTAĒÕES;STEPHEN KING;SIM;5;LIVRO
A DANĒA DA MORTE;STEPHEN KING;NĆO;X;LIVRO
O INSTITUTO;STEPHEN KING;SIM;3;LIVRO
Ą ESPERA DE UM MILAGRE;STEPHEN KING;SIM;5;LIVRO
REVIVAL;STEPHEN KING;SIM;4;LIVRO
A ZONA MORTA;STEPHEN KING;SIM;5;LIVRO
DEPOIS;STEPHEN KING;SIM;3;LIVRO
SOBRE A ESCRITA;STEPHEN KING;SIM;5;LIVRO
SENHORA;JOSÉ DE ALENCAR;NĆO;X;LIVRO
SONETOS;LUIS DE CAMÕES;NĆO;X;LIVRO
O GUARANI;JOSÉ DE ALENCAR;NĆO;X;LIVRO
PAULICÉIA DESVAIRADA;MARIO DE ANDRADE;NĆO;X;LIVRO
MEMÓRIAS PÓSTUMAS DE BRĮS CUBAS;MACHADO DE ASSIS;SIM;5;LIVRO
TORTO ARADO;ITAMAR VIEIRA JUNIOR;SIM;3;LIVRO
OUTSIDER;STEPHEN KING;SIM;4;EBOOK
OS SERTÕES;EUCLIDES DA CUNHA;NĆO;X;LIVRO
DOM CASMURRO;MACHADO DE ASSIS;SIM;5;LIVRO
POEMAS ESCOLHIDOS;GREGÓRIO DE MATOS;NĆO;X;LIVRO
TIL;JOSÉ DE ALENCAR;NĆO;X;LIVRO
ESPUMAS FLUTUANTES;CASTRO ALVES;NĆO;X;LIVRO
O ESPELHO E OUTROS CONTOS;MACHADO DE ASSIS;NĆO;X;LIVRO
SERMÕES;PADRE ANTŌNIO VIEIRA;NĆO;X;LIVRO
CAPITĆES DE AREIA;JORGE AMADO;SIM;4;LIVRO
MEMÓRIAS DE UM SARGENTO DE MILĶCIAS;MANUEL ANTŌNIO DE ALMEIDA;NĆO;X;LIVRO
O ATENEU ;RAUL POMPÉIA;NĆO;X;LIVRO
UMA ESCADA PARA O CÉU;JOHN BOYNE;SIM;5;LIVRO
O CASO DOS DEZ NEGRINHOS;AGATHA CHRISTIE;SIM;5;LIVRO
OS CRIMES ABC;AGATHA CHRISTIE;SIM;5;LIVRO
BILLY SUMMERS;STEPHEN KING;SIM;5;LIVRO
O CONDE DE MONTE CRISTO;ALEXANDRE DUMAS;SIM;5;LIVRO
A TORMENTA DAS ESPADAS ;GEORGE R. R. MARTIN;SIM;5;LIVRO
CEM GRAMAS DE CENTEIO;AGATHA CHRISTIE;SIM;3;LIVRO
NOVEMBRO DE 63;STEPHEN KING;SIM;5;LIVRO
CAI O PANO;AGATHA CHRISTIE;SIM;5;LIVRO
A QUEDA DE GIGANTES;KEN FOLLET;SIM;5;LIVRO
ETERNIDADE POR UM FIO;KEN FOLLET;SIM;5;LIVRO
INVERNO DO MUNDO;KEN FOLLET;SIM;5;LIVRO
A LONGA MARCHA;STEPHEN KING;SIM;3;LIVRO
STEVE JOBS;WALTER ISAACSON;SIM;4;LIVRO
QUINCAS BORBA;MACHADO DE ASSIS;SIM;5;LIVRO
CINES SELVAGENS;JUNG CHANG;SIM;4;LIVRO
A MORTE DE IVAN ILITCH;LIEV TOLSTÓI;SIM;5;LIVRO
CARTAS NA MESA;AGATHA CHRISTIE;SIM;2;LIVRO
VIDAS SECAS;GRACILIANO RAMOS;SIM;4;LIVRO
O CORTIĒO;ALUĶSIO AZEVEDO;SIM;5;LIVRO
ANGŚSTIA;GRACILIANO RAMOS;SIM;4;LIVRO
HISTÓRIAS EXTRAORDINĮRIAS;EDGAR ALLAN POE;NĆO;X;LIVRO
RAMBO: FIRST BLOOD;DAVID MORRELL;NĆO;X;LIVRO
O FUGITIVO;J. M. DILLARD;NĆO;X;LIVRO
O TRISTE FIM DE POLICARPO QUARESMA;LIMA BARRETO;NĆO;X;LIVRO
CONTOS DO MACHADO DE ASSIS;MACHADO DE ASSIS;NĆO;X;LIVRO
JK - O ARTISTA IMPOSSĶVEL;CLAUDIO BOJUNGA;NĆO;X;LIVRO
RED GAS;EDWARD TOPOL;SIM;5;LIVRO
SUCH POWER IS DANGEROUS ;DENNIS WHEATLEY;NĆO;X;LIVRO
ARIZONA KISS;RAYMOND RING;NĆO;X;LIVRO
SAM 7;RICHARD COX;NĆO;X;LIVRO
PARTES DE UM CORPO;VĮRIOS AUTORES;NĆO;X;LIVRO
O MUNDO É BĮRBARO - E O QUE NÓS TEMOS A VER COM ISSO;LUIS FERNANDO VERĶSSIMO;SIM;4;LIVRO
DEATH NOTE - VOLUME 12;"TSUGUMI OHBA E TAKESHI OBATA";SIM;5;MANGĮ
QUERIDO JOHN;NICHOLAS SPARKS;NĆO;X;LIVRO
A CULPA É DAS ESTRELAS;JOHN GREEN;NĆO;X;LIVRO
ANJOS E DEMŌNIOS;DAN BROWN;SIM;4;LIVRO
O HOBBIT;J. R. R. TOLKIEN;SIM;4;LIVRO
O CĆO DOS BASKERVILLE;ARTHUR CONAN DOYLE;SIM;3;LIVRO
OUTRAS DO ANALISTA DE BAJÉ;LUIS FERNANDO VERĶSSIMO;NĆO;X;LIVRO
JOGO SUJO;MARCELO DUARTE;SIM;4;LIVRO
ENIGMA NA TELEVISĆO;MARCOS REY;SIM;5;LIVRO
UM CADĮVER OUVE RĮDIO;MARCOS REY;SIM;5;LIVRO
O MISTÉRIO DO 5 ESTRELAS;MARCOS REY;SIM;4;LIVRO
PEGA LADRĆO;LUIZ GALDINO;NĆO;X;LIVRO
O JOGO DO CAMALEĆO;MARĒAL AQUINO;SIM;4;LIVRO
SHAPIRON;LŚCIA MACHADO DE ALMEIDA;SIM;1;LIVRO
A PRIMEIRA REPORTAGEM;SYLVIO PEREIRA;SIM;4;LIVRO
LARANJA MECĀNICA;ANTHONY BURGES;NĆO;X;LIVRO
CARROSSEL SOMBRIO E OUTRAS HISTÓRIAS;JOE HILL;SIM;5;LIVRO
NARUTO - VOLUME 27;MASASHI KISHIMOTO;SIM;5;MANGĮ
NARUTO - VOLUME 14;MASASHI KISHIMOTO;SIM;5;MANGĮ
A LETHAL VINTAGE;MARTIN SYLVESTER;NĆO;X;LIVRO
USE A CABEĒA - JAVA;"KATHY SIERRA E BERTH BATES";NĆO;X;LIVRO
MATEMĮTICA NO DIA A DIA;"CELSO WILMER ET AL.";NĆO;X;LIVRO
CORPO - GUIA INFOGRĮFICO PARA A GENTE;"STEVE PARKER E ANDREW BAKER";NĆO;X;LIVRO
ORACLE DATABASE 11G;JASON PRICE;NĆO;X;LIVRO
HARDWARE;"KARINA DE OLIVEIRA E WELLINGTON DA SILVA REHDER";NĆO;X;LIVRO
O MELHOR DO PHP;PETER B. MACINTYRE;NĆO;X;LIVRO
ABM - LIĒÕES DO CAMPO DE BATALHA ;ARTHUR ANDERSEN;NĆO;X;LIVRO
BACKTRACK LINUX ;"SILVIO CÉSAR ROXO CORDEIRO E GERSON RAIMUNDO DOS SANTOS";NĆO;X;LIVRO
DESVENDANDO A COMPUTAĒĆO FORENSE;"PEDRO MONTEIRO DA SILVA ELEUTÉRIO E MĮRCIO PEREIRA MACHADO";NĆO;X;LIVRO
TÉCNICAS DE INVASĆO;BRUNO FRAGA;NĆO;X;LIVRO
FUNDAMENTOS DO GERENCIAMENTO DOS SERVIĒOS DE TI;MARCOS ANDRÉ DOS SANTOS FREITAS;NĆO;X;LIVRO
HACKING;JON ERICKSON;NĆO;X;LIVRO
UNIVERSIDADE HACKER - VOLUME 4;"HENRIQUE ULBRICH E JAMES DELLA VALLE";NĆO;X;LIVRO
UNIVERSIDADE HACKER - VOLUME 3;"HENRIQUE ULBRICH E JAMES DELLA VALLE";NĆO;X;LIVRO
A ARTE DE ENGANAR ;"KEVIN MITNICK E WILLIAN L. SIMON";SIM;5;LIVRO
COMO FAZER APRESENTAĒÕES IRRESISTĶVEIS;ALISON LESTER;NĆO;X;LIVRO
A DIETA GRACIE;RORION GRACIE;NĆO;X;LIVRO
FANTASMA NO SISTEMA;KEVIN MITNICK;SIM;5;LIVRO
NA PRIMAVERA, O ŚLTIMO CANTO DA COTOVIA;J. M. SIMMEL;NĆO;X;LIVRO
FLORES PARA ALGERNON;DANIEL KEYES;SIM;5;LIVRO
O EMBAIXADOR AMERICANO;WARD JUST;NĆO;X;LIVRO
ORLANDO;VIRGĶNIA WOOLF;SIM;3;LIVRO
OS CEM ANOS DE LENNI E MARGOT;MARIANNE CRONIN;NĆO;X;LIVRO
O SENHOR DOS ANEIS - O RETORNO DO REI;J. R. R. TOLKIEN;SIM;4;LIVRO
O SENHOR DOS ANEIS - AS DUAS TORRES;J. R. R. TOLKIEN;SIM;5;LIVRO
O SORRISO DO DIABO - BICICLETA AZUL (PARTE 3);REGINE DEFORGES;NĆO;X;LIVRO
VONTADE DE VIVIER - BICICLETA AZUL (PARTE 2);REGINE DEFORGES;NĆO;X;LIVRO
A BICICLETA AZUL (PARTE 1);REGINE DEFORGES;NĆO;X;LIVRO
CORIANDRA;SALLY GARDNER;NĆO;X;LIVRO
O VENDEDOR DE SONHOS - O CHAMADO;AUGUSTO CURY;SIM;5;LIVRO
A FILHA PRÓDIGA;JEFFREY ARCHER;NĆO;X;LIVRO
LIBERDADE NO BANCO DOS RÉUS;MAX HAYWARD;NĆO;X;LIVRO
A OUTRA FACE;SIDNEY SHELDON;NĆO;X;LIVRO
A MALDIĒĆO;STEPHEN KING;SIM;3;LIVRO
ALERTA NO MURO;HALLIE BURNETT;NĆO;X;LIVRO
GUIA DE ARMAS DE GUERRA - TROPAS DE ELITE;MAX WELMER;NĆO;X;LIVRO
BLOCKBUSTER;"PATRICIA MARX E DOUGLAS G. MCGRATH";NĆO;X;LIVRO
THE INNOCENT MAN - MURDER AND INJUSTICE IN A SMALL TOWN;JOHN GRISHAM;NĆO;X;LIVRO
O ESPADACHIM DE CARVĆO;AFONSO SOLANO;SIM;3;LIVRO
EM BUSCA DO SENTIDO DA VIDA;AUGUSTO CURY;SIM;4;LIVRO
O COLECIONADOR DE LĮGRIMAS;AUGUSTO CURY;SIM;4;LIVRO
O VENDEDOR DE SONHOS;AUGUSTO CURY;SIM;5;LIVRO
LAR DA SRTA. PEREGRINE PARA CRIANĒAS PECULIARES;RANSOM RIGGS;NĆO;X;LIVRO
ESCOLA DE CONTOS HERÓTICOS PARA VIŚVAS;BALLI KAUR JASWAL;SIM;3;LIVRO
LEVEL 2 - SÓ MEMÓRIAS PODEM SALVĮ-LA;LENORE APPELHANS;NĆO;X;LIVRO
O TIGRE BRANCO;ARAVIND ADIGA;NĆO;X;LIVRO
O DIĮRIO ESCARLATE;LOUIS AUCHINCLOSS;NĆO;X;LIVRO
A ŚLTIMA TEMPORADA;PAT CONROY;NĆO;X;LIVRO
IT - A COISA;STEPHEN KING;SIM;3;LIVRO
O FILHO DE NETUNO;RICK RIORDAN;NĆO;X;LIVRO
O HERÓI PERDIDO;RICK RIORDAN;SIM;4;LIVRO
O MUNDO DE GELO E FOGO;GEORGE R. R. MARTIN;NĆO;X;LIVRO
A DANĒA DOS DRAGÕES;GEORGE R. R. MARTIN;SIM;4;LIVRO
O FESTIM DOS CORVOS;GEORGE R. R. MARTIN;SIM;3;LIVRO
O CAVALEIRO DOS SETE REINOS;GEORGE R. R. MARTIN;SIM;4;LIVRO
FOGO E SANGUE;GEORGE R. R. MARTIN;SIM;4;LIVRO
A FILOSOFIA DE TYRION LANNISTER;GEORGE R. R. MARTIN;NĆO;X;LIVRO
PIADA MORTAL;"ALAN MOORE E BRIAN BOLLAND";SIM;5;GRAPIC NOVEL
V DE VINGANĒA ;"ALAN MOORE DAVID LLOYD";SIM;4;GRAPIC NOVEL
BATMAN - SILŹNCIO (PARTE 2);JEPH LOEB;SIM;3;GRAPIC NOVEL
BATMAN - SILŹNCIO (PARTE 1);JEPH LOEB;SIM;3;GRAPIC NOVEL
SUPERMAN - O ŚLTIMO FILHO;GEOFF JOHNS;SIM;3;GRAPIC NOVEL
LIGA DA JUSTIĒA - TORRE DE BABEL;MARK WAID;SIM;5;GRAPIC NOVEL
SUPERMAN E BATMAN - INIMIGOS PŚBLICOS;JEPH LOEB;SIM;3;GRAPIC NOVEL
LIGA DA JUSTIĒA - ANO 1 (PARTE 2);MARK WAID;SIM;4;GRAPIC NOVEL
LIGA DA JUSTIĒA - ANO 1 (PARTE 1);MARK WAID;SIM;4;GRAPIC NOVEL
BATMAN - MORTE EM FAMĶLIA;JIM STARLIN;SIM;5;GRAPIC NOVEL
LEX LUTHOR - HOMEM DE AĒO;BRIAN AZZARELLO;SIM;3;GRAPIC NOVEL
ANTES DE WATCHMAN - RORSCHARCH;"BRIAN AZZARELLO E LEE BERMEJO";SIM;4;GRAPIC NOVEL
ANTES DE WATCHMEN - COMEDIANTE;"BRIAN AZZARELLO E J. G. JONES";SIM;4;GRAPIC NOVEL
COMO EU ERA ANTES DE VOCŹ ;JOJO MOYES;NĆO;X;LIVRO
OS HERÓIS DA REVOLUĒĆO;STEVEN LEVY;NĆO;X;LIVRO
SEGREDOS DO HACKER ÉTICO;MARCOS FLĮVIO ARŚJO ASSUNĒĆO;NĆO;X;LIVRO
CHEFĆO - COMO UM HACKER SE APODEROU DO SUBMUNDO BILIONĮRIO DO CRIME CIRBENÉTICO;KEVIN POULSEN;NĆO;X;LIVRO
A EXPERIŹNCIA;HENRY DENKER;NĆO;X;LIVRO
OS VINGADORES - GUERRA CĶVIL;STUART MOORE;SIM;5;LIVRO
HOMEM DE FERRO - VĶRUS;ALEX IRVINE;SIM;3;LIVRO
GUARDIÕES DA GALĮXIA - CAOS NA GALĮXIA;DAN ABNETT;SIM;3;LIVRO
STAR WARS (A TRILOGIA);GEORGE LUCAS;NĆO;X;LIVRO
A TORRE NEGRA (VOL. 1);STEPHEN KING;SIM;4;LIVRO
O SONO E A MORTE;A. J. KAZINSKI;NĆO;X;LIVRO
THE CATHER IN THE RYE;J.D. SALINGER;NĆO;X;LIVRO
O TIGRE BRANCO;ROBERT STUART NATHAN;NĆO;X;LIVRO
ELITE DA TROPA;"LUIZ EDUARDO SOARES, ANDRÉ BATISTA, RODRIGO PIMENTEL";NĆO;X;LIVRO
PRATICAMENTE INOFENSIVA;DOUGLAS ADAMS;NĆO;X;LIVRO
ATÉ MAIS, E OBRIGADO PELOS PEIXES;DOUGLAS ADAMS;NĆO;X;LIVRO
A VIDA O UNIVERSO E TUDO MAIS;DOUGLAS ADAMS;NĆO;X;LIVRO
RESTAURANTE NO FIM DO UNIVERSO;DOUGLAS ADAMS;NĆO;X;LIVRO
GUIA DO MOCHILEIRO DAS GALĮXIAS;DOUGLAS ADAMS;NĆO;X;LIVRO
O FANTASMA DA Ć“PERA;GASTON LEROUX;NĆO;X;LIVRO
CONTOS PAVOROSOS;GASTON LEROUX;NĆO;X;LIVRO
ORGULHO E PRECONCEITO;JANE AUSTEN;NĆO;X;LIVRO
O PROCESSO;FRANZ KAFKA;NĆO;X;LIVRO
PASSO A PASSO - ALEMĆO;CHARLES BERLITZ;NĆO;X;LIVRO
O RETRATO DE DORIAN GRAY;OSCAR WILDE;NĆO;X;LIVRO
O GRANDE GATSBY;F. SCOTT FITZGERALD;NĆO;X;LIVRO
AMOR E AMIZADE;JANE AUSTEN;NĆO;X;LIVRO
UMA BREVE HISTÓRIA DA FILOSOFIA;NIGEL WARBURTON;NĆO;X;LIVRO
10 LIĒÕES SOBRE SÓCRATES;PAULO GHIRALDELLI JŚNIOR;NĆO;X;LIVRO
POR QUE ESTUDAR FILOSOFIA?;JOĆO FERNANDES TEIXEIRA;NĆO;X;LIVRO
DAVID COPPERFIELD;CHARLES DICKENS;NĆO;X;LIVRO
CARTA SOBRE A FELICIDADE (A MENECEU);EPICURO;NĆO;X;LIVRO
APOLOGIA DE SÓCRATES;PLATĆO;NĆO;X;LIVRO
A MORTE DE MRS. MCGINTY;AGATHA CHRISTIE;NĆO;X;LIVRO
O HOMEM DE TERNO MARROM;AGATHA CHRISTIE;NĆO;X;LIVRO
O MISTÉRIO DE SITTAFORD;AGATHA CHRISTIE;NĆO;X;LIVRO
O MISTÉRIO DOS SETE RELÓGIOS;AGATHA CHRISTIE;SIM;4;LIVRO
SILŹNCIO NA FLORESTA;HARLAN COBEN;NĆO;X;LIVRO
ILHÉUS;IEVGUŹNI ZAMIĮTIN;NĆO;X;LIVRO
A MONTANHA MĮGICA;THOMAS MANN;NĆO;X;LIVRO
NÓS;IEVGUŹNI ZAMIĮTIN;NĆO;X;LIVRO
O ATENEU;RAUL POMPEIA;NĆO;X;LIVRO
OS MELHORES CONTOS DE RAUL POMPEIA;RAUL POMPEIA;NĆO;X;LIVRO
